,HCPID,alpha,proc.temp,proc.LL,decay,decl.temp,decl.LL,best.model,diff.LL
0,173132_fnca,0.4512246713770986,0.7762632115127981,-34.92707415133044,0.32708549396208286,1.8064279430669226,-36.72584506409072,Procedural,1.7987709127602827
1,161731_fnca,0.010047140258852463,1.9999999985007602,-38.84531235163234,0.010007816151489417,1.999999998879708,-39.2221328347301,Procedural,0.3768204830977595
2,150523_fnca,0.5742101082738056,0.5420215378489491,-15.386656429723462,0.010000001058149103,0.26858835513622764,-16.101301681185898,Procedural,0.7146452514624357
3,173940_fnca,1.355398372699613,1.9999593922669503,-38.18876925594728,0.36581856564467524,1.9999970003777072,-38.20884436139518,Procedural,0.020075105447901365
4,169343_fnca,0.029958312991102194,0.34114793436009716,-37.85304560890104,0.010047970800698957,0.5053403251583777,-35.77918088598321,Declarative,-2.0738647229178326
5,167743_fnca,0.9407628170335368,1.5466356560705716,-34.94609424963355,0.9950282607639797,1.9999977787079757,-36.044767401600474,Procedural,1.0986731519669206
6,151526_fnca,0.016425221060283803,0.8162980818544836,-38.77380163146485,0.010000755851141638,1.999999999176731,-39.21302975033937,Procedural,0.4392281188745244
7,177645_fnca,0.010057100301796506,1.9999999996122944,-38.130456296282695,0.010037261208852333,1.9999999991355875,-38.2946111677589,Procedural,0.16415487147620667
8,178748_fnca,0.5384902297289743,1.9999999990890887,-37.405525678236266,0.3864000835829554,1.999996607742529,-36.74963805063526,Declarative,-0.6558876276010039
9,172130_fnca,0.12622323299470065,0.7372088560610037,-38.301014311591125,0.1246858148042724,1.8653229289212705,-38.64612073584788,Procedural,0.3451064242567554
10,172029_fnca,0.07037162338098285,0.32027171980411595,-35.0891700520763,0.01000000069158799,0.6895059536114078,-35.10504843701819,Procedural,0.01587838494189242
11,159340_fnca,0.7142058762980434,0.43628953021254724,-26.991270188617698,0.3174573838939357,0.5274002410756072,-30.37554503287434,Procedural,3.384274844256641
12,158035_fnca,0.010003007048933652,0.12777408807662438,-38.35664656110261,0.29492035519218124,1.999998606940748,-38.43138605162841,Procedural,0.07473949052580053
13,111312_fnca,0.010046258798607289,1.9999999992199975,-38.87329328419214,0.07787381237571979,1.9999999990557151,-40.011037370149985,Procedural,1.1377440859578485
14,125525_fnca,0.5954596400705119,0.9866304946125284,-36.65019793623085,0.35000267578789207,1.9999973752470261,-38.34394440248121,Procedural,1.69374646625036
15,150524_fnca,0.626717325563637,1.2429109230961974,-35.38253587004411,0.39389327835446525,1.9999537695986263,-36.96499239376013,Procedural,1.5824565237160186
16,140824_fnca,0.3700767714672434,0.5998849964303047,-34.34503823230776,0.36779571978318654,1.23253842834282,-36.38174993982452,Procedural,2.0367117075167656
17,126628_fnca,0.2081053801333836,0.17168386235619762,-18.09190314917123,0.2926888428651665,0.4755421022420306,-29.431867919744022,Procedural,11.339964770572792
18,116524_fnca,1.017149855499934,1.9999739796039198,-37.04250411761967,0.010000002052979183,0.7973203467960492,-37.61813094875202,Procedural,0.5756268311323467
19,123925_fnca,0.010880433439576244,0.7557854357113432,-38.78675430988057,0.010042563691779987,1.9999999985086754,-39.462426605489725,Procedural,0.6756722956091537
20,173334_fnca,0.018780884169711288,1.0150522382456837,-38.09123619413962,0.010039073333909616,1.999999999157919,-38.176760926241286,Procedural,0.08552473210166767
21,120515_fnca,0.010000738120955255,0.27736121248871404,-38.538469817592585,0.132205732726437,1.9999990263504037,-38.90025505415554,Procedural,0.3617852365629517
22,103111_fnca,0.3887733818087539,1.999999999859283,-38.49362617732386,0.3625886199070622,1.999999999843289,-38.99239584883943,Procedural,0.49876967151556784
23,992774_fnca,0.046520648812176546,0.4375175994807189,-38.18228143723285,0.010000000932058392,1.6329145704068662,-38.1106834986254,Declarative,-0.07159793860745367
24,165840_fnca,0.010000842902315331,0.2582142890343176,-38.50090492505538,0.0100400340119881,1.9999999990705573,-38.77987175587037,Procedural,0.2789668308149871
25,115320_fnca,0.5640524744073866,1.418656739707377,-37.748860798106065,0.885714518920386,1.9999909097407587,-36.98784293262966,Declarative,-0.7610178654764042
26,159239_fnca,0.010055855687427867,1.9999999995553532,-37.443141453431956,0.010032410082261406,1.9999999995157787,-37.550577608649384,Procedural,0.10743615521742811
27,108323_fnca,0.010061493518909052,1.9999999992366426,-36.0695067520892,0.01001166381345958,1.999999999197422,-36.21873010164173,Procedural,0.14922334955253547
28,140117_fnca,0.010000503445688431,0.3303107203160671,-38.68842375212925,0.01003189357101815,1.9999999995108544,-38.98138206949487,Procedural,0.29295831736561695
29,102311_fnca,0.010033769696745312,1.9999999984870709,-38.864697032004585,0.010024570856555785,1.9999999999834635,-40.27246918947396,Procedural,1.407772157469374
30,145531_fnca,0.010052821260545748,1.9999999997304643,-38.206979013488976,0.01002528790830016,1.999999999363409,-38.91016147972207,Procedural,0.7031824662330948
31,113619_fnca,0.9486763897117896,1.9999999998785787,-36.01061623166837,0.010056477943157291,1.9999999984768853,-37.63899026067536,Procedural,1.6283740290069844
32,139637_fnca,0.5148974334317168,1.9327961034172068,-37.38608207163295,0.0100252880964265,1.9999999997434816,-37.90576779230165,Procedural,0.5196857206687042
33,127630_fnca,0.010046746185690106,1.9999999983806682,-36.75385790751444,0.01000967272960156,1.9999999993298199,-37.144440388206995,Procedural,0.39058248069255797
34,163331_fnca,0.3176428398445602,0.7567824559625245,-37.434338143509024,0.7459931519506587,1.9999727676651595,-37.44591050728588,Procedural,0.011572363776856776
35,138231_fnca,1.5925944672860133,1.9999568033670003,-35.29424865582486,0.2821795671418363,1.999998681556219,-38.084872268554435,Procedural,2.7906236127295756
36,106016_fnca,0.010045826352932384,1.9999999996088262,-38.87004401498398,0.010020702958422584,1.9999999999553693,-39.94608219343974,Procedural,1.0760381784557609
37,172332_fnca,0.13708639029475092,1.8544704838089276,-38.72724694463274,0.010035302001691478,1.9999999995196633,-38.935559990443615,Procedural,0.2083130458108755
38,144226_fnca,0.9665311252069981,1.4213718070266206,-36.20877574762057,0.25919116739007786,1.064658322856837,-37.99724234262116,Procedural,1.7884665950005925
39,104820_fnca,0.0784873431953672,1.2228388818323943,-38.70676279769319,0.010000000282395963,0.7311117467702948,-38.17140428636587,Declarative,-0.5353585113273169
40,153429_fnca,0.01000413799272852,0.04758591654419847,-37.492617186965724,0.31218819179090856,1.6841552922669307,-37.35561999661047,Declarative,-0.13699719035525249
41,133019_fnca,0.019630792103297462,0.12859078836067706,-37.57825267708123,0.010001133586648775,0.667707256512665,-37.12185069093,Declarative,-0.45640198615122785
42,157437_fnca,0.02070127873546372,0.10201283877987508,-37.046006324659736,0.010000001144410913,1.2892210237805644,-38.540177741222585,Procedural,1.4941714165628497
43,135528_fnca,0.0100513168424408,1.9999517849125343,-38.15032391942819,0.01003022931625892,1.9999999994602673,-38.011562940232466,Declarative,-0.13876097919572317
44,165234_fnca,0.7637235958030029,1.999989623022779,-38.18760813840669,1.2887833469332641,1.999999999710555,-37.70764400425803,Declarative,-0.4799641341486591
45,131217_fnca,0.010043248974528941,1.9999999995802353,-37.46289645986827,0.01001909187489585,1.9999999996301958,-37.96461011996949,Procedural,0.501713660101224
46,158136_fnca,0.8122317995454196,1.9999886776052693,-37.87456594115862,0.010000001268810914,0.8818135911135296,-37.42697346075149,Declarative,-0.4475924804071312
47,167036_fnca,0.8641393265731995,1.9999999978554597,-37.840539465846874,0.24969352759200128,1.999998978521527,-38.72407835809375,Procedural,0.8835388922468752
48,166438_fnca,0.554082276707815,1.6771898217227326,-36.98279525822299,0.9510702857202015,1.9999999997633149,-35.42265660680962,Declarative,-1.560138651413375
49,128329_fnca,0.11275862438762334,1.9999914616471426,-38.690969797016194,0.08940715652589938,1.999999999147359,-39.21297402268566,Procedural,0.5220042256694626
50,173435_fnca,1.1812631338086645,1.9999999978539478,-36.56321356803719,1.5845039861654227,1.999999999959628,-36.925557696466086,Procedural,0.3623441284288944
51,100307_fnca,0.010042736837452373,1.999999999607902,-38.822451084926705,0.010029135078715829,1.9999999997117466,-39.13148395229341,Procedural,0.3090328673667031
52,130013_fnca,0.01005184968584168,1.9999625076396557,-38.831990944781445,0.3799725172550815,1.999999999913926,-39.3263047432978,Procedural,0.4943137985163517
53,150625_fnca,0.010000489151643461,0.16297558938820061,-37.94685945870193,0.2701793140559587,1.9999975727998855,-37.988707529528924,Procedural,0.04184807082699393
54,133827_fnca,1.0184734185858124,1.999999999941288,-36.76050286668668,0.01002268232988558,1.999999999886166,-37.27170579569341,Procedural,0.5112029290067284
55,140925_fnca,1.2062380181405286,1.9999933597346973,-36.00115267762266,0.8464178340283504,1.9999987102408958,-37.82097481878206,Procedural,1.819822141159399
56,129028_fnca,0.010047970800547647,1.999943035350794,-38.81818486783264,0.010002736277054187,1.9999999990916655,-39.224822278720644,Procedural,0.40663741088800265
57,147030_fnca,0.5634175410818066,0.39623437122085353,-29.84876820171295,0.8463723601426886,1.9999999999998346,-39.27378003816894,Procedural,9.425011836455987
58,134234_fnca,0.010000000849727221,0.011565437092535467,-13.655564885902793,0.267139557461739,0.7490094023358504,-34.61522596389097,Procedural,20.95966107798818
59,146432_fnca,0.010000002593865612,0.36423024307816015,-35.984435916514805,0.010023714344979166,1.999999999837967,-36.26769528770202,Procedural,0.28325937118721356
60,137027_fnca,0.010047970800699045,0.7719692333704015,-37.422159284439545,0.010038952183958462,1.9999999997836642,-38.66919297231284,Procedural,1.247033687873298
61,123117_fnca,0.2229519311221737,0.4863116799105558,-32.46019348247756,0.010002120035597382,0.6080084177688936,-32.53536534360948,Procedural,0.07517186113192054
62,103515_fnca,0.010045611150940409,1.9999999991881476,-38.8920081918949,0.010017756282894434,1.9999999996994138,-39.47862814823518,Procedural,0.5866199563402787
63,155635_fnca,0.010000164121066638,0.1507095213325179,-37.612574682460846,0.010000001698673542,1.208167514350412,-37.448537967480924,Declarative,-0.16403671497992178
64,154936_fnca,0.9190433680271355,1.1005953154101888,-35.46102116763227,0.352545195698085,0.860906275930728,-37.32681484742454,Procedural,1.8657936797922687
65,103414_fnca,0.8147376316921173,1.999983265748273,-37.696616597336295,0.010040858879127345,1.9999999984974386,-38.87797880989492,Procedural,1.181362212558625
66,143325_fnca,0.01633092496972093,0.9745922637760444,-36.73342505436004,0.010035196428355327,1.99999999954889,-36.922685401026335,Procedural,0.18926034666629477
67,105014_fnca,1.6965494792868723,1.9999630874922147,-34.46046787680361,0.22617071237538156,1.9999999998941247,-40.57592268423296,Procedural,6.115454807429344
68,112819_fnca,0.9933095498992811,1.9999999997789577,-35.342591116006986,0.010004027537760505,1.999999998792695,-37.23382816842086,Procedural,1.8912370524138709
69,157336_fnca,0.024630043307234284,0.1076617495326444,-35.903011595508936,0.1437994519826821,0.6487054578330087,-34.91871815299416,Declarative,-0.984293442514776
70,169141_fnca,0.010000006277216212,0.4282136962488379,-38.65904899953606,0.01001140752937052,1.999999999215442,-41.33099341486589,Procedural,2.6719444153298255
71,153025_fnca,0.526528382417864,1.5089881980729887,-37.73245864746736,0.03776721715408654,0.5971969265642849,-37.76692693384199,Procedural,0.034468286374625734
72,162026_fnca,0.010046330282358656,1.9999999991393715,-38.8429998745469,0.01002099807992889,1.9999999997752251,-39.300484665478635,Procedural,0.457484790931737
73,101410_fnca,0.9941885296844427,1.9999999989764148,-38.05485203040482,0.010031561601993281,1.999999999906304,-38.60882282424189,Procedural,0.5539707938370739
74,164939_fnca,0.010000602269890444,0.09300088095452323,-38.52766172570549,0.010021286846406408,1.9999999997493132,-38.83923047785365,Procedural,0.3115687521481547
75,135932_fnca,0.010037661826614752,1.99999999965681,-38.83326486644158,0.010013825569877437,1.999999999108848,-39.144892236872984,Procedural,0.31162737043140254
76,117324_fnca,0.5569419210785177,0.26918867176557126,-22.493702294059645,0.24817718481799184,0.6658052228401512,-29.036677110433004,Procedural,6.542974816373359
77,137128_fnca,0.010046069168069615,1.9999999991545316,-38.85698448029872,0.010012961306897238,1.9999999992477544,-39.54181149026891,Procedural,0.6848270099701921
78,142828_fnca,0.916759636363408,1.9999999999999398,-35.13177109924138,0.08380844297510011,1.9999999982765104,-36.649074748736005,Procedural,1.5173036494946288
79,123420_fnca,0.010043259674833676,1.9999999998850164,-37.45381621296947,0.010031393126365902,1.9999999997309041,-37.770765164653334,Procedural,0.3169489516838624
80,124422_fnca,1.1990835888189222,1.9999913469509782,-36.04714256034251,0.7961249342039938,1.9999852229994575,-36.99028053767026,Procedural,0.9431379773277513
81,162733_fnca,1.45176557839419,1.7209935801588334,-32.723764185416336,0.5145209628037641,1.9999469543537176,-36.71561011733692,Procedural,3.9918459319205866
82,175439_fnca,0.010042039989486511,0.7754290859082624,-38.77629207461257,0.010044470828267654,1.999999999758052,-39.59167833069764,Procedural,0.8153862560850698
83,176542_fnca,0.04798052960592008,1.8893930706617956,-38.812001148405244,0.010056624645797744,1.9999999983917884,-38.90977956474913,Procedural,0.09777841634388551
84,107422_fnca,0.010000542942135473,0.028852287197128783,-32.11986946284731,0.5216090462247437,1.9999999999999658,-39.85814308630116,Procedural,7.73827362345385
85,150423_fnca,0.38221503851780586,0.3260926656025039,-17.360281293857696,1.3067448039487566,1.3134176040291121,-17.29504332360276,Declarative,-0.0652379702549375
86,113821_fnca,0.7819249899613888,0.7655000298441021,-32.412339280535036,1.007723075857387,1.9063432894774808,-35.85371101140539,Procedural,3.441371730870351
87,113215_fnca,0.010057786236986832,1.9999999990244417,-37.46827720435983,0.010009090812889665,1.999999998975081,-37.92290015289949,Procedural,0.454622948539658
88,118528_fnca,0.010047970800699045,0.9766165439286577,-38.80693424457014,0.010030700809415712,1.999999999831724,-39.029580477793054,Procedural,0.22264623322291754
89,160830_fnca,0.23990680401667602,1.1228800568318824,-35.54310062016455,0.26325559682258454,1.9999990407967705,-35.99790727741771,Procedural,0.45480665725315816
90,155231_fnca,0.03247727540293146,0.11651499324024131,-35.68553736370208,0.1237589335440005,0.47392728984979976,-34.31843003881067,Declarative,-1.367107324891414
91,118932_fnca,0.010047970786222295,0.3853803185235751,-38.096541785193914,0.010046423930045982,1.999999998361685,-38.31258993116726,Procedural,0.2160481459733461
92,118730_fnca,1.4510953029701097,1.9998874637851975,-38.416305795382776,0.6045372765311812,0.9880515898589669,-33.555588274513276,Declarative,-4.8607175208695
93,136833_fnca,0.01005709433268654,1.99999999846141,-38.13657433862977,0.010020115711665854,1.9999999995815123,-38.31673001678412,Procedural,0.18015567815434963
94,151627_fnca,0.010050346647363595,1.9999999998391658,-37.440352606642286,0.010030345490384274,1.9999999997311468,-37.765192479836635,Procedural,0.3248398731943496
95,168139_fnca,0.07275403047451473,1.0553976122685687,-38.7481702680497,0.010030260046986017,1.999999999147321,-38.907218456201335,Procedural,0.1590481881516368
96,154431_fnca,0.1225884605053509,0.402081262392879,-34.13291476263184,0.23499161019753634,1.5383538902555491,-36.809085654231176,Procedural,2.676170891599334
97,128127_fnca,0.010046551425194767,1.999999999186462,-38.889340257300105,0.0854253171273734,1.999999998304937,-40.47014435705102,Procedural,1.5808040997509138
98,101309_fnca,0.010000714290668636,0.24634032522412772,-38.45191657037741,0.010035832236920663,1.9999999990894803,-38.92129028358889,Procedural,0.4693737132114748
99,141826_fnca,0.010047970800866526,1.9999574599387622,-37.45207350841642,0.010046493422655024,1.9999999995463749,-37.776055461176995,Procedural,0.32398195276057606
100,154835_fnca,0.44999909008526884,1.3174374741949146,-36.25311286123205,0.31603702692993346,1.5899375586207394,-35.78037331858378,Declarative,-0.4727395426482701
101,109325_fnca,0.039034411598281145,0.0085702955522218,-3.2539137865587704,0.3093343706307808,0.789867281773747,-34.36072230539895,Procedural,31.106808518840182
102,111716_fnca,0.0509802964854664,0.33644263921558276,-35.83909446899508,0.19909615829782568,1.3645974745587177,-36.080043056989915,Procedural,0.24094858799483632
103,137936_fnca,0.15548484930251075,0.6854266364089029,-36.47166287605557,0.4543805811596092,1.999994771027921,-34.91988433950693,Declarative,-1.551778536548639
104,131722_fnca,0.010045556088741997,1.9999999991591653,-37.631794258190816,0.17585315479937136,1.999999999524839,-41.15205009063672,Procedural,3.520255832445905
105,169444_fnca,0.010052183915003668,1.9999999996042441,-38.82438392387265,0.01003640416257867,1.9999999998463385,-39.049347249490005,Procedural,0.22496332561735244
106,101006_fnca,0.7183063388008839,0.7600642573254879,-33.68611547075112,1.9735506808160361,1.999999999557654,-33.48378314517807,Declarative,-0.20233232557304603
107,171633_fnca,0.8786135142613388,1.9999601658705248,-39.1372176327575,0.010032156745340933,1.9999999988877546,-41.03851043169004,Procedural,1.9012927989325448
108,128632_fnca,0.37260455292416494,0.5471237988774957,-31.68381287683035,0.22136614428302412,1.0515824947183186,-34.41514462681185,Procedural,2.7313317499815035
109,135225_fnca,0.361313322433463,1.9999999992180906,-38.581641904501126,0.010000000623223801,0.8766009669232229,-38.52672337927084,Declarative,-0.05491852523028484
110,100408_fnca,0.010046447834318174,1.9999999992502075,-36.79011964622424,0.0100296668739168,1.9999999995181503,-38.62212364276649,Procedural,1.832003996542248
111,178950_fnca,0.3125375809358883,1.0502330014100527,-37.749280258028435,0.1630831098602924,1.9870932211664065,-38.66760300693792,Procedural,0.9183227489094818
112,163432_fnca,0.854838961564211,1.999948932422115,-36.89390836930501,0.010045928341147968,1.9999999984122818,-38.64264113869615,Procedural,1.7487327693911396
113,163129_fnca,1.4760295913790353,1.999940926813677,-35.87322835383346,0.010030436061907847,1.9999999998965559,-38.92229551921505,Procedural,3.0490671653815866
114,132118_fnca,0.2796886611063877,0.5317324497964429,-33.8387993540168,0.17285460361855576,0.40149767196307246,-33.30612748867418,Declarative,-0.5326718653426212
115,101915_fnca,0.010000055226043797,0.04973330773519924,-37.711283030299114,0.010010704891306526,1.9999999989141075,-38.579889391043736,Procedural,0.8686063607446215
116,164131_fnca,0.010051446380667465,1.9999999989446648,-37.44478347955266,0.01003183026539996,1.9999999998532063,-38.058368632089056,Procedural,0.6135851525363947
117,172534_fnca,0.6377055571272904,0.39028497122156286,-25.699686185938113,0.010047970800605441,0.30343124467472826,-26.229509292160905,Procedural,0.5298231062227927
118,126325_fnca,0.010042959701000581,1.9999999993560096,-38.855955424196736,0.6962900292148996,1.9999999997277886,-39.356316361524975,Procedural,0.5003609373282387
119,156233_fnca,0.9438015897159665,0.879024598293333,-32.88367016877144,1.6193185730978485,1.999999999877759,-32.74259390202675,Declarative,-0.14107626674469032
120,131924_fnca,0.010000791954618369,0.17780413423193273,-38.34516391397897,0.010000001203051867,1.7141823046542293,-38.445843683412676,Procedural,0.10067976943370383
121,108525_fnca,0.8025916116540427,0.6034046724456599,-29.021571327736165,0.23329277743151375,0.6160034545675344,-29.25774224351927,Procedural,0.23617091578310578
122,144832_fnca,0.010044826259486725,1.9999999997143822,-38.88549719775121,0.404623362137374,1.999999296275037,-39.13340736263719,Procedural,0.24791016488598672
123,148032_fnca,0.010047955239075252,1.9999999990813497,-38.86545644918344,0.010004699617288195,1.9999999993231976,-39.663621282249906,Procedural,0.7981648330664655
124,136227_fnca,0.3071299856465269,0.5236925911572053,-35.86256221378704,0.21750986455284746,0.7699496114039989,-36.59163317941993,Procedural,0.7290709656328929
125,105115_fnca,0.031458095799529864,0.12963810722833838,-36.995520161158105,0.010008476846346684,0.4230061669487209,-35.46414635466423,Declarative,-1.5313738064938747
126,178849_fnca,0.010045182025594337,1.9999999998611124,-38.85089953291652,0.010022975073979047,1.9999999998770193,-39.77870572501902,Procedural,0.9278061921025014
127,130922_fnca,0.010046924240305052,1.99999999841104,-37.458437104266885,0.395308778460155,1.9999999998531128,-38.54496951249466,Procedural,1.0865324082277752
128,133625_fnca,0.9687623799818882,0.8354018954453499,-31.948086497176906,0.9772020646315704,1.9999779674257359,-34.60391422343574,Procedural,2.6558277262588312
129,110411_fnca,0.010000230526515861,0.05828778193320476,-38.11949484085637,0.010010660297854064,1.999999999211891,-39.5276192800114,Procedural,1.4081244391550314
130,150726_fnca,0.010047970800699045,1.9999646619489522,-38.83725319524147,0.12697363676147863,1.9999999999506561,-39.47833829387072,Procedural,0.6410850986292473
131,138534_fnca,0.010045391022657748,1.9999999995370934,-38.85875181144166,0.010008184437062964,1.9999999988687571,-39.47909235467341,Procedural,0.6203405432317552
132,175035_fnca,0.8961842749202731,1.9999787861327871,-32.83110630197708,1.5037622355641242,1.9999999993478705,-30.8106831335783,Declarative,-2.0204231683987786
133,165032_fnca,0.015188640404485755,0.17609520259234185,-33.33861851070037,0.01000000133299593,1.5518836572308505,-34.09717712511313,Procedural,0.7585586144127561
134,149741_fnca,0.010048267518540736,1.9999999991405695,-37.4789413450684,0.010017539124709339,1.9999999999235774,-38.01605371125612,Procedural,0.5371123661877206
135,122317_fnca,0.935149702709128,0.8827466928227912,-29.90123384043174,1.901354037293474,1.999994511596287,-28.457618358637625,Declarative,-1.4436154817941151
136,171431_fnca,0.010001414334951622,0.1889234321802469,-37.16434442674751,0.010017164920096213,1.9999999993409077,-37.379436990259386,Procedural,0.2150925635118739
137,173536_fnca,1.8788632997711454,1.9999336896980084,-33.232896614477085,0.49185342153318456,1.9999999999840845,-38.13429610619164,Procedural,4.901399491714557
138,159138_fnca,0.010046508275795648,1.9999999992062916,-38.18678318270245,0.010031734330001289,1.9999999999121671,-38.544291840149754,Procedural,0.35750865744730476
139,114419_fnca,0.010033890481054164,1.9999999998215197,-38.89034320147222,0.0100383615295567,1.9999999989691923,-40.51109513106588,Procedural,1.6207519295936592
140,124220_fnca,0.01003531157055677,1.9999999988092663,-38.8279767608906,0.010039471296825671,1.9999999992388053,-39.33058127127502,Procedural,0.5026045103844226
141,117122_fnca,0.010046244468601742,1.9999999992161002,-36.77345633608419,0.010030861046379803,1.999999999521634,-37.36575128574145,Procedural,0.5922949496572656
142,124826_fnca,0.01003386259257383,1.9999999996522795,-36.75467150318845,0.01003025229343293,1.9999999984939842,-37.04737717258217,Procedural,0.292705669393726
143,156637_fnca,1.5866558543435803,1.9999655279017758,-38.31029780262792,0.010015756711203675,1.9999999999792046,-39.26247759862323,Procedural,0.9521797959953062
144,113922_fnca,0.010055145553756454,1.9999999998398459,-38.83281373237151,0.010023071134049426,1.9999999999037068,-38.95354601297728,Procedural,0.12073228060576469
145,103818_fnca,1.0887270636563082,0.9458966970428546,-32.59538642737,1.0253993221989572,1.9999999999029525,-36.06903707423952,Procedural,3.4736506468695154
146,119833_fnca,0.010000046622898856,0.08458496325370773,-38.38384260495941,0.01000000117117565,1.483746188197134,-38.367764063379106,Declarative,-0.016078541580306194
147,137633_fnca,0.8186630887188782,0.3919126473851906,-24.434776470032702,1.0245522322791771,1.999999999996142,-31.50207364345033,Procedural,7.067297173417629
148,164030_fnca,0.01004501283288975,1.9999999998546074,-38.830228212724705,0.010026963121448308,1.9999999998394895,-39.02729452776471,Procedural,0.19706631504000427
149,149337_fnca,0.010046468596381747,1.9999999991914692,-38.87082717337982,0.5077214020932264,1.99998797918071,-37.87385991931108,Declarative,-0.9969672540687426
150,106319_fnca,0.01021594348213872,1.99974221589993,-38.81499896952312,0.010011693657727933,1.9999999991848554,-39.52011526482198,Procedural,0.7051162952988648
151,158540_fnca,1.3017717158699904,1.999998406247124,-34.60530588055918,0.01541106393422148,0.7732352136727079,-36.6311000792766,Procedural,2.0257941987174206
152,154734_fnca,1.1268095569403829,1.7230389785164875,-35.012250855254266,0.06412998777913863,1.0313502380318205,-37.13406162095264,Procedural,2.1218107656983776
153,148941_fnca,0.02756499099966596,0.08388043977890808,-27.724259142959806,0.14086316105614183,0.44994089261832787,-32.52651089689491,Procedural,4.802251753935106
154,101107_fnca,0.5007535418581046,1.9999649480643364,-37.20209580056231,0.6214573676263009,1.9999908275295946,-36.62569823833815,Declarative,-0.5763975622241588
155,160123_fnca,0.010046521655860306,1.9999999992073652,-38.84622189333318,0.010011814870984107,1.9999999992300648,-39.2890769618012,Procedural,0.44285506846802036
156,102816_fnca,0.010047970800699045,1.9999377758645132,-37.43691253278816,0.010037345825089371,1.9999999991578452,-37.642884371936844,Procedural,0.2059718391486811
157,994273_fnca,0.7261880610138233,1.999946938555908,-36.69339637377588,0.01000000027941547,1.902279896222015,-35.01370161772085,Declarative,-1.679694756055035
158,111413_fnca,0.8801652932878684,0.7661018311625656,-33.166306188436955,0.08832157597826036,1.8744490708265038,-38.56809094058034,Procedural,5.401784752143385
159,121618_fnca,0.5889028869505094,1.0306801756971786,-34.9047797859039,0.2689144682348184,0.8950849499858864,-35.413972157375035,Procedural,0.509192371471137
160,153833_fnca,0.010000675309102576,0.27857791722037745,-37.9788942966848,0.010024890144310395,1.9999999997703157,-38.214572770505136,Procedural,0.2356784738203359
161,130316_fnca,0.01004630562771072,1.9999999991920452,-38.87063586713811,0.01001064107023221,1.999999998895713,-40.05275388132792,Procedural,1.182118014189804
162,142424_fnca,0.010044859926328671,1.9999999999046625,-36.76577582852273,0.010043876003675454,1.9999999984617853,-37.06711345002759,Procedural,0.30133762150486376
163,108121_fnca,0.010045652224659682,1.9999999995936868,-38.905191027726495,0.010007306293301883,1.9999999990834236,-39.90753676615707,Procedural,1.0023457384305772
164,151223_fnca,0.010044799026660577,1.9999999998320999,-38.89500168140838,0.01001107735707173,1.9999999993757123,-39.65223065718009,Procedural,0.7572289757717101
165,172938_fnca,0.1508738710897844,1.0804888779446968,-35.51126107810448,0.18420801295345984,1.7580666079860094,-35.519348996544544,Procedural,0.008087918440061515
166,151728_fnca,0.9423185487502975,1.4961190347985749,-34.753526022868385,0.38265151201286834,1.9999986093723643,-36.856714835079586,Procedural,2.103188812211201
167,178142_fnca,0.010042714352298426,1.9999999993468331,-38.856946575457,0.010016779294801966,1.9999999995867053,-40.15660975247718,Procedural,1.2996631770201788
168,149539_fnca,0.01004659571086849,1.9999999983461962,-38.85710938014801,0.010006128161976463,1.9999999988222987,-39.470144713170676,Procedural,0.6130353330226654
169,133982_fnca,0.6596481245819571,1.7993096343715655,-37.63908867394816,0.9719904403606767,1.9999999998252147,-37.68229162043365,Procedural,0.0432029464854935
170,107321_fnca,0.06684860989768585,1.152767152242298,-38.74836107343789,0.010000000754646314,1.8114219811857513,-38.64310106687505,Declarative,-0.10526000656284396
171,163836_fnca,0.5110175069831175,0.5095456153607766,-32.39678131415226,0.17101952408358886,0.5125847503001142,-34.89180327599661,Procedural,2.495021961844351
172,152831_fnca,0.06608356484059648,1.2229676922367008,-38.02221645712014,0.2552228501589036,0.5870714505221059,-33.4463913789144,Declarative,-4.575825078205739
173,161630_fnca,0.010046020023280774,1.9999999991501702,-37.48904466813454,0.010018297597409452,1.999999999997068,-38.14386785755825,Procedural,0.6548231894237091
174,161327_fnca,0.010045684953882153,1.9999999991204513,-37.461114567999346,0.010011337942699537,1.9999999993514572,-37.70000080676456,Procedural,0.2388862387652111
175,108828_fnca,0.6064108949373506,0.7055520415899724,-32.088916017784825,1.9999999999464901,1.9138710699125832,-29.93174666958387,Declarative,-2.1571693482009557
176,168341_fnca,1.0779357601985942,1.9999552829199199,-36.977202483916784,0.14555653753470216,0.5411150803567804,-35.671902146752934,Declarative,-1.3053003371638496
177,162329_fnca,0.010042901215487652,1.9999999993465956,-38.83051825937602,0.010035335425279242,1.9999999995568338,-39.12054132138512,Procedural,0.290023062009098
178,106521_fnca,0.010036171991256363,1.9999999991707342,-38.83575975111126,0.010000000449953427,1.751562243155444,-38.63610510396999,Declarative,-0.1996546471412728
179,177746_fnca,0.061104933500354515,0.32923644547778225,-36.85680085619856,0.010000000376751018,1.3187315977925926,-37.99862031159817,Procedural,1.141819455399606
180,121315_fnca,0.09791593127133541,0.17985321950355096,-51.48882598479331,0.20371479316258737,0.4629127123964081,-38.44417569552638,Declarative,-13.044650289266926
181,120111_fnca,0.19308773718669084,0.8990753526276711,-37.003580793244026,0.36503829458799064,1.9999944506474239,-37.18725493884387,Procedural,0.18367414559984496
182,102008_fnca,0.7510173388790635,1.9999999994657118,-38.3291423339354,0.010008342077560859,1.9999999998697882,-39.91354120950683,Procedural,1.5843988755714307
183,114924_fnca,0.49304817268175094,0.475039813196015,-33.23841160038561,1.9999999999997546,1.727765468558855,-31.654442595330742,Declarative,-1.5839690050548683
184,162228_fnca,0.3838756626817444,1.9999828166099682,-38.82665410636043,0.010000001314246311,1.8793695885957544,-38.61603698043104,Declarative,-0.21061712592938875
185,148840_fnca,0.01004551733407385,1.9999999989964938,-38.84555219415142,0.010018847027782678,1.9999999990094484,-39.17072720752087,Procedural,0.32517501336944576
186,159441_fnca,0.010044533972122105,1.9999999994294024,-38.87186881194765,0.046250592687786765,1.999999999183975,-39.74899488964059,Procedural,0.8771260776929424
187,148335_fnca,0.8993311503944409,0.6957877422352046,-31.499057939130658,1.9999979275459911,1.822518794698573,-33.56160773048697,Procedural,2.062549791356311
188,145834_fnca,0.7611935735416885,1.3648968353965052,-35.316653121747215,0.01000000124942917,0.9785646177099386,-36.10174530390379,Procedural,0.7850921821565748
189,170934_fnca,0.010032743883671688,1.9999999999433196,-38.9469197337852,0.2029909421193791,1.999999999999878,-40.59694030536211,Procedural,1.6500205715769098
190,109123_fnca,0.010001473310875019,0.11148955488228375,-37.954598123542745,0.010000001544186177,1.8605809427101148,-38.23142127026437,Procedural,0.27682314672162533
191,105216_fnca,0.5148960179169374,0.9199226168895378,-36.33007851821975,0.614314036881641,1.9999999999999156,-39.15334457796423,Procedural,2.8232660597444834
192,141422_fnca,0.7251088919214775,1.9999542583389296,-38.489738278528414,0.01001849665856643,1.999999998194393,-39.05468389601898,Procedural,0.5649456174905652
193,120212_fnca,0.010047970800699045,1.9999397877181402,-38.127491021871755,0.010003853485185113,1.9999999989396935,-38.488602470179494,Procedural,0.36111144830773867
194,147737_fnca,0.10537317110681793,1.0272113648604801,-37.96064341920206,0.5812037283423891,1.9999999976200833,-37.84762107753824,Declarative,-0.11302234166381453
195,127933_fnca,1.136093053517486,1.9999999998256972,-38.8574935737703,0.01001659021241117,1.9999999993594157,-41.83598882231591,Procedural,2.978495248545613
196,122620_fnca,0.3976226659095866,1.5541243725927547,-37.947206945544174,0.010000000863335355,1.9999938623387712,-39.1788059701534,Procedural,1.231599024609224
197,146331_fnca,0.010037551773903714,1.9999999991189021,-38.86244910106086,0.010014175673145036,1.999999999211891,-39.4407982350787,Procedural,0.5783491340178415
198,139233_fnca,0.4571363514008988,1.0118594404455874,-37.15701766732564,0.3093892978448552,1.9999990059565416,-38.51519932742278,Procedural,1.358181660097138
